Year,Literacy
2000,61.0
2001,61.0
2002,61.0
2003,62.74999999999999
2004,64.5
2005,66.25000000000001
2006,68.0
2007,69.0
2008,70.0
2009,71.0
2010,72.0
2011,73.0
2012,74.0
2013,74.7
2014,75.4
2015,76.1
2016,76.8
2017,77.5
2018,78.2
2019,78.9
2020,79.60000000000001
2021,80.30000000000001
2022,81.0
